{
    "Index": 2110,
    "Name": "93",
    "Description": "Pran Clothing Merchant",
    "MobEffect": 0,
    "InitialDialog": 0,
    "Emote": 0,
    "Effect1": 0,
    "Effect2": 0,
    "Effect3": 0,
    "Effect4": 0,
    "WeaponGlow": 0,
    "Rotation": 270,
    "Sizes": {
        "Height": 7,
        "UpperBody": 119,
        "Leg": 119,
        "Body": 63
    },
    "Position": [
        3552.39990234375,
        655.400024414062
    ],
    "Equip": [
        247,
        0,
        0,
        0,
        0,
        0,
        1448,
        0
    ],
    "Inventory": [
        2380,
        2382,
        0,
        0,
        0,
        2406,
        2408,
        2410,
        0,
        0,
        2432,
        2433,
        2440,
        0,
        0,
        2458,
        2461,
        0,
        0,
        0,
        2484,
        2485,
        0,
        0,
        0,
        2434,
        2435,
        2436,
        2437,
        2438,
        2439,
        0,
        0,
        0,
        0,
        0,
        0,
        0,
        0,
        0
    ],
    "options": [
        {
            "text": "Conversa",
            "type": 1,
            "color": "0xFFFFFFFF"
        },
        {
            "text": "Missao",
            "type": 2,
            "color": "0xFFFFFFFF"
        },
        {
            "text": "Loja",
            "type": 5,
            "color": "0xFFFFFFFF"
        }
    ]
}
