{
    "Index": 2113,
    "Name": "95",
    "Description": "Clair's Friend",
    "MobEffect": 0,
    "InitialDialog": 0,
    "Emote": 0,
    "Effect1": 0,
    "Effect2": 0,
    "Effect3": 0,
    "Effect4": 0,
    "WeaponGlow": 0,
    "Rotation": 270,
    "Sizes": {
        "Height": 7,
        "UpperBody": 119,
        "Leg": 119,
        "Body": 66
    },
    "Position": [
        3459.39990234375,
        687.400024414062
    ],
    "Equip": [
        247,
        0,
        0,
        0,
        0,
        0,
        1448,
        0
    ],
    "Inventory": [
        10852,
        10853,
        10854,
        10855,
        10856,
        4150,
        4497,
        4498,
        0,
        8222,
        8223,
        0,
        8236,
        8237,
        8189,
        11362,
        17030,
        0,
        0,
        0,
        0,
        0,
        0,
        0,
        0,
        0,
        0,
        0,
        0,
        0,
        0,
        0,
        0,
        0,
        0,
        0,
        0,
        0,
        0,
        0
    ],
    "options": [
        {
            "text": "Missao",
            "type": 2,
            "color": "0xFFFFFFFF"
        },
        {
            "text": "Loja",
            "type": 5,
            "color": "0xFFFFFFFF"
        }
    ]
}
