{
    "Index": 2189,
    "Name": "477",
    "Description": "Honor Metal Armor Dealer",
    "MobEffect": 0,
    "InitialDialog": 0,
    "Emote": 0,
    "Effect1": 0,
    "Effect2": 0,
    "Effect3": 0,
    "Effect4": 0,
    "WeaponGlow": 0,
    "Rotation": 0,
    "Sizes": {
        "Height": 7,
        "UpperBody": 119,
        "Leg": 119,
        "Body": 148
    },
    "Position": [
        3412.39990234375,
        543.400024414063
    ],
    "Equip": [
        227,
        0,
        0,
        0,
        0,
        0,
        1446,
        0
    ],
    "Inventory": [
        2821,
        2851,
        2881,
        2911,
        0,
        2822,
        2852,
        2882,
        2912,
        0,
        2839,
        2869,
        2899,
        2929,
        0,
        2841,
        2871,
        2901,
        2931,
        0,
        2941,
        2971,
        3001,
        3031,
        2791,
        2942,
        2972,
        3002,
        3032,
        2792,
        2959,
        2989,
        3019,
        3049,
        2809,
        2961,
        2991,
        3021,
        3051,
        2811
    ],
    "options": [
        {
            "text": "Missao",
            "type": 2,
            "color": "0xFFFFFFFF"
        },
        {
            "text": "Loja",
            "type": 5,
            "color": "0xFFFFFFFF"
        }
    ]
}
