{
    "Index": 2200,
    "Name": "499",
    "Description": "Honor Accessory Dealer",
    "MobEffect": 0,
    "InitialDialog": 0,
    "Emote": 0,
    "Effect1": 0,
    "Effect2": 0,
    "Effect3": 0,
    "Effect4": 0,
    "WeaponGlow": 0,
    "Rotation": 270,
    "Sizes": {
        "Height": 7,
        "UpperBody": 119,
        "Leg": 119,
        "Body": 159
    },
    "Position": [
        3441.39990234375,
        551.400024414063
    ],
    "Equip": [
        225,
        0,
        0,
        0,
        0,
        0,
        1504,
        0
    ],
    "Inventory": [
        1336,
        1366,
        1396,
        1426,
        0,
        1337,
        1367,
        1397,
        1427,
        0,
        1316,
        1368,
        1398,
        1428,
        0,
        1420,
        1421,
        1422,
        1423,
        0,
        0,
        0,
        0,
        0,
        0,
        0,
        0,
        0,
        0,
        0,
        0,
        0,
        0,
        0,
        0,
        0,
        0,
        0,
        0,
        0
    ],
    "options": [
        {
            "text": "Missao",
            "type": 2,
            "color": "0xFFFFFFFF"
        },
        {
            "text": "Loja",
            "type": 5,
            "color": "0xFFFFFFFF"
        }
    ]
}
