{
    "Index": 2239,
    "Name": "809",
    "Description": "Military Merchant",
    "MobEffect": 0,
    "InitialDialog": 0,
    "Emote": 0,
    "Effect1": 0,
    "Effect2": 0,
    "Effect3": 0,
    "Effect4": 0,
    "WeaponGlow": 0,
    "Rotation": 90,
    "Sizes": {
        "Height": 7,
        "UpperBody": 119,
        "Leg": 119,
        "Body": 206
    },
    "Position": [
        1889.40002441406,
        1495.40002441406
    ],
    "Equip": [
        247,
        0,
        0,
        0,
        0,
        0,
        1448,
        0
    ],
    "Inventory": [
        4352,
        4353,
        4351,
        4392,
        0,
        4616,
        4617,
        4618,
        4619,
        4620,
        4621,
        4622,
        4623,
        0,
        0,
        4601,
        4602,
        4603,
        4604,
        4605,
        4606,
        4607,
        4608,
        0,
        0,
        5502,
        5503,
        5504,
        5505,
        5506,
        0,
        0,
        0,
        0,
        0,
        4522,
        4470,
        0,
        0,
        0
    ],
    "options": [
        {
            "text": "Conversa",
            "type": 1,
            "color": "0xFFFFFFFF"
        },
        {
            "text": "Missao",
            "type": 2,
            "color": "0xFFFFFFFF"
        },
        {
            "text": "Loja",
            "type": 5,
            "color": "0xFFFFFFFF"
        }
    ]
}
