{
    "Index": 2377,
    "Name": "1800",
    "Description": "Eldine Client",
    "MobEffect": 0,
    "InitialDialog": 0,
    "Emote": 0,
    "Effect1": 0,
    "Effect2": 0,
    "Effect3": 0,
    "Effect4": 0,
    "WeaponGlow": 0,
    "Rotation": 160,
    "Sizes": {
        "Height": 7,
        "UpperBody": 119,
        "Leg": 119,
        "Body": 94
    },
    "Position": [
        827.400024414062,
        1704.40002441406
    ],
    "Equip": [
        482,
        0,
        0,
        0,
        0,
        0,
        1504,
        0
    ],
    "Inventory": [
        97,
        113,
        129,
        145,
        161,
        177,
        193,
        209,
        225,
        241,
        257,
        273,
        289,
        305,
        321,
        337,
        353,
        369,
        385,
        401,
        417,
        433,
        449,
        465,
        481,
        497,
        513,
        529,
        545,
        561,
        577,
        0,
        0,
        0,
        0,
        0,
        0,
        0,
        0,
        0
    ],
    "options": [
        {
            "text": "Conversa",
            "type": 1,
            "color": "0xFFFFFFFF"
        },
        {
            "text": "Missao",
            "type": 2,
            "color": "0xFFFFFFFF"
        }
    ]
}
