{
    "Index": 2405,
    "Name": "2088",
    "Description": "Antique Merchant",
    "MobEffect": 0,
    "InitialDialog": 0,
    "Emote": 0,
    "Effect1": 0,
    "Effect2": 0,
    "Effect3": 0,
    "Effect4": 0,
    "WeaponGlow": 0,
    "Rotation": 325,
    "Sizes": {
        "Height": 7,
        "UpperBody": 119,
        "Leg": 119,
        "Body": 122
    },
    "Position": [
        877.400024414062,
        1663.40002441406
    ],
    "Equip": [
        484,
        0,
        0,
        0,
        0,
        0,
        1504,
        0
    ],
    "Inventory": [
        1335,
        1363,
        1393,
        1418,
        0,
        1575,
        1576,
        1577,
        1578,
        0,
        1429,
        1369,
        1395,
        1407,
        0,
        1579,
        1580,
        1581,
        1582,
        0,
        1583,
        1584,
        1585,
        1586,
        0,
        1563,
        1565,
        1566,
        1564,
        0,
        0,
        0,
        0,
        0,
        0,
        0,
        0,
        0,
        0,
        0
    ],
    "options": [
        {
            "text": "Loja",
            "type": 5,
            "color": "0xFFFFFFFF"
        }
    ]
}
