{
    "Index": 2441,
    "Name": "2490",
    "Description": "Training Center Instructor",
    "MobEffect": 0,
    "InitialDialog": 0,
    "Emote": 0,
    "Effect1": 0,
    "Effect2": 0,
    "Effect3": 0,
    "Effect4": 0,
    "WeaponGlow": 0,
    "Rotation": 0,
    "Sizes": {
        "Height": 7,
        "UpperBody": 119,
        "Leg": 119,
        "Body": 162
    },
    "Position": [
        3386.39990234375,
        530.400024414063
    ],
    "Equip": [
        224,
        0,
        0,
        0,
        0,
        0,
        1503,
        0
    ],
    "Inventory": [
        18797,
        18798,
        18799,
        18800,
        18801,
        18802,
        18804,
        18805,
        18806,
        18807,
        18803,
        0,
        0,
        0,
        0,
        18808,
        18809,
        18810,
        18811,
        18812,
        18813,
        18814,
        18815,
        18816,
        18817,
        18818,
        18819,
        18820,
        18821,
        18822,
        18823,
        18824,
        18825,
        18826,
        18827,
        11646,
        11647,
        11648,
        0,
        0
    ],
    "options": [
        {
            "text": "Missao",
            "type": 2,
            "color": "0xFFFFFFFF"
        },
        {
            "text": "Loja",
            "type": 5,
            "color": "0xFFFFFFFF"
        }
    ]
}
