{
    "Index": 2473,
    "Name": "2409",
    "Description": "",
    "MobEffect": 0,
    "InitialDialog": 0,
    "Emote": 0,
    "Effect1": 0,
    "Effect2": 0,
    "Effect3": 0,
    "Effect4": 0,
    "WeaponGlow": 0,
    "Rotation": 0,
    "Sizes": {
        "Height": 10,
        "UpperBody": 119,
        "Leg": 119,
        "Body": 200
    },
    "Position": [
        941.400024414062,
        912.400024414062
    ],
    "Equip": [
        209,
        0,
        0,
        0,
        0,
        0,
        0,
        0
    ],
    "Inventory": [
        11344,
        11365,
        11366,
        0,
        0,
        11345,
        11367,
        11368,
        0,
        0,
        11346,
        11347,
        11348,
        11351,
        0,
        10681,
        10682,
        10683,
        10684,
        10685,
        10686,
        0,
        0,
        0,
        0,
        4546,
        4566,
        0,
        0,
        0,
        0,
        0,
        0,
        0,
        0,
        0,
        0,
        0,
        0,
        0
    ],
    "options": [
        {
            "text": "Loja",
            "type": 5,
            "color": "0xFFFFFFFF"
        }
    ]
}
