{
    "Index": 2474,
    "Name": "2494",
    "Description": "Honor Weapon Merchant",
    "MobEffect": 0,
    "InitialDialog": 0,
    "Emote": 0,
    "Effect1": 0,
    "Effect2": 0,
    "Effect3": 0,
    "Effect4": 0,
    "WeaponGlow": 0,
    "Rotation": 90,
    "Sizes": {
        "Height": 6,
        "UpperBody": 119,
        "Leg": 119,
        "Body": 201
    },
    "Position": [
        1827.40002441406,
        3733.39990234375
    ],
    "Equip": [
        113,
        12,
        0,
        13130,
        0,
        13111,
        152,
        0
    ],
    "Inventory": [
        12056,
        12091,
        12196,
        12231,
        12266,
        12301,
        0,
        0,
        0,
        0,
        0,
        0,
        0,
        0,
        0,
        0,
        0,
        0,
        0,
        0,
        0,
        0,
        0,
        0,
        0,
        0,
        0,
        0,
        0,
        0,
        0,
        0,
        0,
        0,
        0,
        0,
        0,
        0,
        0,
        0
    ],
    "options": [
        {
            "text": "Conversa",
            "type": 1,
            "color": "0xFFFFFFFF"
        },
        {
            "text": "Missao",
            "type": 2,
            "color": "0xFFFFFFFF"
        },
        {
            "text": "Nothing_25",
            "type": 64,
            "color": "0xFFFFFFFF"
        }
    ]
}
