{
    "Index": 2475,
    "Name": "2495",
    "Description": "Honor Metal Plate Merchant",
    "MobEffect": 0,
    "InitialDialog": 0,
    "Emote": 0,
    "Effect1": 0,
    "Effect2": 0,
    "Effect3": 0,
    "Effect4": 0,
    "WeaponGlow": 0,
    "Rotation": 90,
    "Sizes": {
        "Height": 6,
        "UpperBody": 119,
        "Leg": 119,
        "Body": 202
    },
    "Position": [
        1827.40002441406,
        3737.39990234375
    ],
    "Equip": [
        112,
        11,
        0,
        13139,
        0,
        13114,
        151,
        0
    ],
    "Inventory": [
        12370,
        12400,
        12430,
        12460,
        0,
        12490,
        12520,
        12550,
        12580,
        12340,
        0,
        0,
        0,
        0,
        0,
        0,
        0,
        0,
        0,
        0,
        0,
        0,
        0,
        0,
        0,
        0,
        0,
        0,
        0,
        0,
        0,
        0,
        0,
        0,
        0,
        0,
        0,
        0,
        0,
        0
    ],
    "options": [
        {
            "text": "Conversa",
            "type": 1,
            "color": "0xFFFFFFFF"
        },
        {
            "text": "Missao",
            "type": 2,
            "color": "0xFFFFFFFF"
        },
        {
            "text": "Nothing_25",
            "type": 64,
            "color": "0xFFFFFFFF"
        }
    ]
}
