{
    "Index": 2476,
    "Name": "2496",
    "Description": "Honor Leather Merchant",
    "MobEffect": 0,
    "InitialDialog": 0,
    "Emote": 0,
    "Effect1": 0,
    "Effect2": 0,
    "Effect3": 0,
    "Effect4": 0,
    "WeaponGlow": 0,
    "Rotation": 90,
    "Sizes": {
        "Height": 6,
        "UpperBody": 119,
        "Leg": 119,
        "Body": 203
    },
    "Position": [
        1827.40002441406,
        3741.39990234375
    ],
    "Equip": [
        115,
        14,
        0,
        13137,
        0,
        13115,
        154,
        0
    ],
    "Inventory": [
        12610,
        12640,
        12670,
        12700,
        0,
        12730,
        12760,
        12790,
        12820,
        0,
        0,
        0,
        0,
        0,
        0,
        0,
        0,
        0,
        0,
        0,
        0,
        0,
        0,
        0,
        0,
        0,
        0,
        0,
        0,
        0,
        0,
        0,
        0,
        0,
        0,
        0,
        0,
        0,
        0,
        0
    ],
    "options": [
        {
            "text": "Conversa",
            "type": 1,
            "color": "0xFFFFFFFF"
        },
        {
            "text": "Missao",
            "type": 2,
            "color": "0xFFFFFFFF"
        },
        {
            "text": "Nothing_25",
            "type": 64,
            "color": "0xFFFFFFFF"
        }
    ]
}
