{
    "Index": 2183,
    "Name": "872",
    "Description": "National Sales Agent",
    "MobEffect": 0,
    "InitialDialog": 0,
    "Emote": 0,
    "Effect1": 0,
    "Effect2": 0,
    "Effect3": 0,
    "Effect4": 0,
    "WeaponGlow": 0,
    "Rotation": 0,
    "Sizes": {
        "Height": 7,
        "UpperBody": 119,
        "Leg": 119,
        "Body": 142
    },
    "Position": [
        3544.39990234375,
        584.400024414062
    ],
    "Equip": [
        222,
        0,
        0,
        0,
        0,
        0,
        1449,
        0
    ],
    "Inventory": [
        4351,
        4391,
        4352,
        4392,
        0,
        4616,
        4617,
        4618,
        4619,
        4620,
        4621,
        4622,
        4623,
        0,
        0,
        4601,
        4602,
        4603,
        4604,
        4605,
        4606,
        4607,
        4608,
        0,
        0,
        5502,
        5503,
        0,
        0,
        0,
        0,
        0,
        0,
        0,
        0,
        4522,
        4470,
        0,
        0,
        0
    ],
    "options": [
        {
            "text": "Missao",
            "type": 2,
            "color": "0xFFFFFFFF"
        },
        {
            "text": "Consertar",
            "type": 31,
            "color": "0xFFFFFFFF"
        },
        {
            "text": "Consertar Tudo",
            "type": 32,
            "color": "0xFFFFFFFF"
        },
        {
            "text": "Leilao",
            "type": 48,
            "color": "0xFFFFFFFF"
        }
    ]
}
