{
    "Index": 2229,
    "Name": "832",
    "Description": "Battlefield Administrator",
    "MobEffect": 0,
    "InitialDialog": 0,
    "Emote": 0,
    "Effect1": 0,
    "Effect2": 0,
    "Effect3": 0,
    "Effect4": 0,
    "WeaponGlow": 0,
    "Rotation": 90,
    "Sizes": {
        "Height": 7,
        "UpperBody": 119,
        "Leg": 119,
        "Body": 194
    },
    "Position": [
        3364.39990234375,
        638.400024414062
    ],
    "Equip": [
        248,
        0,
        0,
        0,
        0,
        0,
        1447,
        0
    ],
    "Inventory": [
        15532,
        15533,
        15534,
        15535,
        15536,
        0,
        0,
        0,
        0,
        0,
        4376,
        4407,
        4380,
        4418,
        4455,
        0,
        0,
        0,
        0,
        0,
        4456,
        15537,
        17117,
        0,
        0,
        0,
        0,
        0,
        0,
        0,
        0,
        0,
        0,
        0,
        0,
        0,
        0,
        0,
        0,
        0
    ],
    "options": [
        {
            "text": "Missao",
            "type": 2,
            "color": "0xFFFFFFFF"
        },
        {
            "text": "Loja",
            "type": 5,
            "color": "0xFFFFFFFF"
        }
    ]
}
