{
    "Index": 2234,
    "Name": "820",
    "Description": "Premium Merchant",
    "MobEffect": 0,
    "InitialDialog": 0,
    "Emote": 0,
    "Effect1": 0,
    "Effect2": 0,
    "Effect3": 0,
    "Effect4": 0,
    "WeaponGlow": 0,
    "Rotation": 180,
    "Sizes": {
        "Height": 7,
        "UpperBody": 119,
        "Leg": 119,
        "Body": 201
    },
    "Position": [
        160.399993896484,
        160.399993896484
    ],
    "Equip": [
        222,
        0,
        0,
        0,
        0,
        0,
        1449,
        0
    ],
    "Inventory": [
        4352,
        4392,
        4351,
        4391,
        0,
        4616,
        4617,
        4618,
        4619,
        4620,
        4621,
        4622,
        4623,
        0,
        0,
        4601,
        4602,
        4603,
        4604,
        4605,
        4606,
        4607,
        4608,
        0,
        0,
        5502,
        5503,
        5504,
        5505,
        5506,
        4509,
        4510,
        4511,
        4512,
        4538,
        8066,
        8074,
        8080,
        4522,
        0
    ],
    "options": [
        {
            "text": "Conversa",
            "type": 1,
            "color": "0xFFFFFFFF"
        },
        {
            "text": "Loja",
            "type": 5,
            "color": "0xFFFFFFFF"
        }
    ]
}
