{
    "Index": 2280,
    "Name": "2016",
    "Description": "Devoted Son",
    "MobEffect": 0,
    "InitialDialog": 0,
    "Emote": 0,
    "Effect1": 0,
    "Effect2": 0,
    "Effect3": 0,
    "Effect4": 0,
    "WeaponGlow": 0,
    "Rotation": 180,
    "Sizes": {
        "Height": 7,
        "UpperBody": 119,
        "Leg": 119,
        "Body": 248
    },
    "Position": [
        2470.39990234375,
        1699.40002441406
    ],
    "Equip": [
        312,
        0,
        0,
        0,
        0,
        0,
        1465,
        0
    ],
    "Inventory": [
        5100,
        5080,
        4638,
        0,
        4788,
        4938,
        5104,
        4521,
        4542,
        4562,
        5320,
        4580,
        1005,
        1285,
        1665,
        1695,
        1725,
        1755,
        4352,
        4392,
        0,
        0,
        0,
        0,
        0,
        0,
        0,
        0,
        0,
        0,
        0,
        0,
        0,
        0,
        0,
        0,
        0,
        0,
        0,
        0
    ],
    "options": [
        {
            "text": "Missao",
            "type": 2,
            "color": "0xFFFFFFFF"
        }
    ]
}
