{
    "Index": 2336,
    "Name": "1869",
    "Description": "Pran Clothing Shop",
    "MobEffect": 0,
    "InitialDialog": 0,
    "Emote": 0,
    "Effect1": 0,
    "Effect2": 0,
    "Effect3": 0,
    "Effect4": 0,
    "WeaponGlow": 0,
    "Rotation": 90,
    "Sizes": {
        "Height": 7,
        "UpperBody": 119,
        "Leg": 119,
        "Body": 51
    },
    "Position": [
        873.400024414062,
        3654.39990234375
    ],
    "Equip": [
        230,
        0,
        0,
        0,
        0,
        0,
        1504,
        0
    ],
    "Inventory": [
        6292,
        6293,
        6294,
        6295,
        6296,
        6297,
        0,
        0,
        0,
        0,
        6318,
        6319,
        6320,
        6321,
        0,
        0,
        0,
        0,
        0,
        0,
        0,
        0,
        0,
        0,
        0,
        2434,
        2435,
        2436,
        2437,
        2438,
        2439,
        0,
        0,
        0,
        0,
        0,
        0,
        0,
        0,
        0
    ],
    "options": [
        {
            "text": "Conversa",
            "type": 1,
            "color": "0xFFFFFFFF"
        },
        {
            "text": "Missao",
            "type": 2,
            "color": "0xFFFFFFFF"
        },
        {
            "text": "Loja",
            "type": 5,
            "color": "0xFFFFFFFF"
        }
    ]
}
