{
    "Index": 2409,
    "Name": "207",
    "Description": "Talent Merchant",
    "MobEffect": 0,
    "InitialDialog": 0,
    "Emote": 0,
    "Effect1": 0,
    "Effect2": 0,
    "Effect3": 0,
    "Effect4": 0,
    "WeaponGlow": 0,
    "Rotation": 270,
    "Sizes": {
        "Height": 7,
        "UpperBody": 119,
        "Leg": 119,
        "Body": 128
    },
    "Position": [
        3459.39990234375,
        699.400024414062
    ],
    "Equip": [
        223,
        0,
        0,
        0,
        0,
        0,
        1502,
        0
    ],
    "Inventory": [
        13854,
        8621,
        8535,
        8544,
        15458,
        9777,
        8196,
        8622,
        8623,
        8643,
        4514,
        4533,
        4597,
        4598,
        4599,
        8063,
        8064,
        8522,
        8062,
        13570,
        4274,
        8018,
        8262,
        0,
        0,
        8099,
        8097,
        8201,
        8197,
        8248,
        8252,
        8254,
        8259,
        8260,
        0,
        8188,
        8205,
        8186,
        8204,
        0
    ],
    "options": [
        {
            "text": "Missao",
            "type": 2,
            "color": "0xFFFFFFFF"
        },
        {
            "text": "Loja",
            "type": 5,
            "color": "0xFFFFFFFF"
        }
    ]
}
