{
    "Index": 2414,
    "Name": "214",
    "Description": "Courage Crystal Merchant",
    "MobEffect": 0,
    "InitialDialog": 0,
    "Emote": 0,
    "Effect1": 0,
    "Effect2": 0,
    "Effect3": 0,
    "Effect4": 0,
    "WeaponGlow": 0,
    "Rotation": 0,
    "Sizes": {
        "Height": 7,
        "UpperBody": 119,
        "Leg": 119,
        "Body": 134
    },
    "Position": [
        3394.39990234375,
        530.400024414063
    ],
    "Equip": [
        230,
        0,
        0,
        0,
        0,
        0,
        1504,
        0
    ],
    "Inventory": [
        9405,
        9406,
        9407,
        9408,
        9409,
        9410,
        9411,
        9412,
        9413,
        9414,
        9415,
        9416,
        9417,
        9418,
        9419,
        9420,
        9421,
        9422,
        9423,
        9424,
        9425,
        9426,
        9427,
        9428,
        9429,
        9430,
        9431,
        9432,
        9433,
        9434,
        9435,
        9436,
        9437,
        9438,
        9439,
        0,
        0,
        0,
        0,
        0
    ],
    "options": [
        {
            "text": "Missao",
            "type": 2,
            "color": "0xFFFFFFFF"
        },
        {
            "text": "Loja",
            "type": 5,
            "color": "0xFFFFFFFF"
        }
    ]
}
