{
    "Index": 2435,
    "Name": "2201",
    "Description": "Black Tower Merchant of Light",
    "MobEffect": 0,
    "InitialDialog": 0,
    "Emote": 0,
    "Effect1": 0,
    "Effect2": 0,
    "Effect3": 0,
    "Effect4": 0,
    "WeaponGlow": 0,
    "Rotation": 180,
    "Sizes": {
        "Height": 7,
        "UpperBody": 119,
        "Leg": 119,
        "Body": 156
    },
    "Position": [
        1647.40002441406,
        3706.39990234375
    ],
    "Equip": [
        234,
        0,
        0,
        0,
        0,
        0,
        1505,
        0
    ],
    "Inventory": [
        11295,
        11296,
        11297,
        11298,
        0,
        11300,
        11301,
        11302,
        11303,
        0,
        12330,
        12331,
        12332,
        12333,
        0,
        11294,
        11299,
        0,
        0,
        0,
        0,
        0,
        0,
        0,
        0,
        0,
        0,
        0,
        0,
        0,
        0,
        0,
        0,
        0,
        0,
        0,
        0,
        0,
        0,
        0
    ],
    "options": [
        {
            "text": "Conversa",
            "type": 1,
            "color": "0xFFFFFFFF"
        },
        {
            "text": "Missao",
            "type": 2,
            "color": "0xFFFFFFFF"
        },
        {
            "text": "Loja",
            "type": 5,
            "color": "0xFFFFFFFF"
        }
    ]
}
