{
    "Index": 2438,
    "Name": "2248",
    "Description": "Secret Merchant",
    "MobEffect": 0,
    "InitialDialog": 0,
    "Emote": 0,
    "Effect1": 0,
    "Effect2": 0,
    "Effect3": 0,
    "Effect4": 0,
    "WeaponGlow": 0,
    "Rotation": 0,
    "Sizes": {
        "Height": 6,
        "UpperBody": 119,
        "Leg": 119,
        "Body": 159
    },
    "Position": [
        2717.39990234375,
        1621.40002441406
    ],
    "Equip": [
        235,
        0,
        0,
        0,
        0,
        0,
        1430,
        0
    ],
    "Inventory": [
        10635,
        10636,
        10637,
        10638,
        0,
        10639,
        10640,
        10641,
        10642,
        0,
        10643,
        10644,
        10645,
        10646,
        0,
        10647,
        10648,
        10649,
        10650,
        0,
        10651,
        10652,
        10653,
        10654,
        0,
        10655,
        10656,
        10657,
        10658,
        0,
        10659,
        10660,
        10661,
        10662,
        0,
        10663,
        10664,
        10665,
        10666,
        0
    ],
    "options": [
        {
            "text": "Loja",
            "type": 5,
            "color": "0xFFFFFFFF"
        }
    ]
}
