{
    "Index": 2480,
    "Name": "1967",
    "Description": "Premium Shop",
    "MobEffect": 0,
    "InitialDialog": 0,
    "Emote": 0,
    "Effect1": 0,
    "Effect2": 0,
    "Effect3": 0,
    "Effect4": 0,
    "WeaponGlow": 0,
    "Rotation": 180,
    "Sizes": {
        "Height": 7,
        "UpperBody": 119,
        "Leg": 119,
        "Body": 207
    },
    "Position": [
        3458.39990234375,
        933.400024414062
    ],
    "Equip": [
        234,
        0,
        0,
        0,
        0,
        0,
        1505,
        0
    ],
    "Inventory": [
        4494,
        0,
        0,
        0,
        4496,
        380,
        381,
        384,
        388,
        390,
        395,
        0,
        0,
        0,
        0,
        0,
        0,
        0,
        0,
        0,
        0,
        0,
        0,
        0,
        0,
        0,
        0,
        0,
        0,
        0,
        0,
        0,
        0,
        0,
        0,
        0,
        0,
        0,
        0,
        0
    ],
    "options": [
        {
            "text": "Loja",
            "type": 5,
            "color": "0xFFFFFFFF"
        }
    ]
}
