{
    "Index": 2482,
    "Name": "2590",
    "Description": "Abandoned Pran",
    "MobEffect": 0,
    "InitialDialog": 0,
    "Emote": 0,
    "Effect1": 0,
    "Effect2": 0,
    "Effect3": 0,
    "Effect4": 0,
    "WeaponGlow": 0,
    "Rotation": 315,
    "Sizes": {
        "Height": 6,
        "UpperBody": 119,
        "Leg": 119,
        "Body": 209
    },
    "Position": [
        1234.40002441406,
        881.400024414062
    ],
    "Equip": [
        112,
        11,
        0,
        13137,
        0,
        13112,
        151,
        0
    ],
    "Inventory": [
        12370,
        12400,
        12430,
        12460,
        0,
        12490,
        12520,
        12550,
        12580,
        12340,
        0,
        0,
        0,
        0,
        0,
        0,
        0,
        0,
        0,
        0,
        0,
        0,
        0,
        0,
        0,
        0,
        0,
        0,
        0,
        0,
        0,
        0,
        0,
        0,
        0,
        0,
        0,
        0,
        0,
        0
    ],
    "options": [
        {
            "text": "Conversa",
            "type": 1,
            "color": "0xFFFFFFFF"
        },
        {
            "text": "Missao",
            "type": 2,
            "color": "0xFFFFFFFF"
        }
    ]
}
