{
    "Index": 2494,
    "Name": "2589",
    "Description": "Aitan Rescue Unit",
    "MobEffect": 0,
    "InitialDialog": 0,
    "Emote": 0,
    "Effect1": 0,
    "Effect2": 0,
    "Effect3": 0,
    "Effect4": 0,
    "WeaponGlow": 0,
    "Rotation": 30,
    "Sizes": {
        "Height": 7,
        "UpperBody": 119,
        "Leg": 119,
        "Body": 221
    },
    "Position": [
        2217.39990234375,
        583.400024414062
    ],
    "Equip": [
        226,
        0,
        0,
        0,
        0,
        0,
        1505,
        0
    ],
    "Inventory": [
        6101,
        6102,
        6103,
        6104,
        6105,
        6106,
        6107,
        6108,
        6141,
        6109,
        0,
        0,
        0,
        0,
        0,
        0,
        0,
        0,
        0,
        0,
        0,
        0,
        0,
        0,
        0,
        0,
        0,
        0,
        0,
        0,
        0,
        0,
        0,
        0,
        0,
        0,
        0,
        0,
        0,
        0
    ],
    "options": [
        {
            "text": "Conversa",
            "type": 1,
            "color": "0xFFFFFFFF"
        },
        {
            "text": "Missao",
            "type": 2,
            "color": "0xFFFFFFFF"
        }
    ]
}
