{
    "Index": 2497,
    "Name": "2676",
    "Description": "Conqueror Honor Recipe Merchant",
    "MobEffect": 0,
    "InitialDialog": 0,
    "Emote": 0,
    "Effect1": 0,
    "Effect2": 0,
    "Effect3": 0,
    "Effect4": 0,
    "WeaponGlow": 0,
    "Rotation": 115,
    "Sizes": {
        "Height": 7,
        "UpperBody": 119,
        "Leg": 119,
        "Body": 224
    },
    "Position": [
        1826.40002441406,
        3677.39990234375
    ],
    "Equip": [
        226,
        0,
        0,
        0,
        0,
        0,
        1505,
        0
    ],
    "Inventory": [
        18094,
        18095,
        18096,
        18097,
        18098,
        18099,
        18125,
        18126,
        18127,
        18128,
        18101,
        18102,
        18103,
        18104,
        0,
        18105,
        18106,
        18107,
        18108,
        18100,
        18109,
        18110,
        18111,
        18112,
        0,
        18113,
        18114,
        18115,
        18116,
        0,
        18117,
        18118,
        18119,
        18120,
        0,
        18121,
        18122,
        18123,
        18124,
        0
    ],
    "options": [
        {
            "text": "Conversa",
            "type": 1,
            "color": "0xFFFFFFFF"
        },
        {
            "text": "Loja",
            "type": 5,
            "color": "0xFFFFFFFF"
        }
    ]
}
